[
    {
        "id": 1,
        "title": "MDN Web Docs - JavaScript",
        "category": "البرمجة",
        "link": "https://developer.mozilla.org/en-US/docs/Web/JavaScript",
        "description": "مرجع شامل لتعلم JavaScript من الأساسيات إلى المتقدم"
    },
    {
        "id": 2,
        "title": "W3Schools - HTML Tutorial",
        "category": "الويب",
        "link": "https://www.w3schools.com/html/",
        "description": "دروس تفاعلية لتعلم HTML مع أمثلة عملية"
    },
    {
        "id": 3,
        "title": "CSS-Tricks",
        "category": "الويب",
        "link": "https://css-tricks.com/",
        "description": "مقالات وحيل متقدمة في CSS والتصميم"
    },
    {
        "id": 4,
        "title": "Codecademy - Learn Programming",
        "category": "البرمجة",
        "link": "https://www.codecademy.com/",
        "description": "منصة تفاعلية لتعلم البرمجة بطرق عملية"
    },
    {
        "id": 5,
        "title": "Khan Academy - Computer Science",
        "category": "علوم الحاسوب",
        "link": "https://www.khanacademy.org/computing/computer-science",
        "description": "دروس مجانية في علوم الحاسوب والبرمجة"
    },
    {
        "id": 6,
        "title": "FreeCodeCamp - Web Development",
        "category": "تطوير الويب",
        "link": "https://www.freecodecamp.org/",
        "description": "مشاريع عملية وشاملة لتعلم تطوير الويب"
    },
    {
        "id": 7,
        "title": "GitHub - Open Source Learning",
        "category": "البرمجة",
        "link": "https://github.com/",
        "description": "منصة لمشاركة الأكواد والتعلم من المشاريع مفتوحة المصدر"
    },
    {
        "id": 8,
        "title": "Stack Overflow - Q&A",
        "category": "الدعم",
        "link": "https://stackoverflow.com/",
        "description": "منتدى للإجابة على الأسئلة البرمجية"
    },
    {
        "id": 9,
        "title": "Udemy - Online Courses",
        "category": "التعليم",
        "link": "https://www.udemy.com/",
        "description": "دورات تعليمية متنوعة في مختلف المجالات"
    },
    {
        "id": 10,
        "title": "Coursera - University Courses",
        "category": "التعليم",
        "link": "https://www.coursera.org/",
        "description": "دورات جامعية معتمدة في مختلف التخصصات"
    },
    {
        "id": 11,
        "title": "JavaScript.info - Modern JavaScript",
        "category": "البرمجة",
        "link": "https://javascript.info/",
        "description": "شرح مفصل لـ JavaScript الحديث والمزايا الجديدة"
    },
    {
        "id": 12,
        "title": "Flexbox Froggy - CSS Learning Game",
        "category": "الويب",
        "link": "https://flexboxfroggy.com/",
        "description": "لعبة تفاعلية لتعلم Flexbox في CSS"
    },
    {
        "id": 13,
        "title": "Grid Garden - CSS Grid Game",
        "category": "الويب",
        "link": "https://cssgridgarden.com/",
        "description": "لعبة تفاعلية لتعلم CSS Grid"
    },
    {
        "id": 14,
        "title": "Regex101 - Regular Expressions",
        "category": "البرمجة",
        "link": "https://regex101.com/",
        "description": "أداة لاختبار وفهم التعبيرات النمطية"
    },
    {
        "id": 15,
        "title": "Can I Use - Browser Compatibility",
        "category": "الويب",
        "link": "https://caniuse.com/",
        "description": "معلومات عن توافق المزايا مع المتصفحات المختلفة"
    },
    {
        "id": 16,
        "title": "Google Fonts",
        "category": "التصميم",
        "link": "https://fonts.google.com/",
        "description": "مكتبة خطوط مجانية للاستخدام في المشاريع"
    },
    {
        "id": 17,
        "title": "Unsplash - Free Images",
        "category": "التصميم",
        "link": "https://unsplash.com/",
        "description": "صور عالية الجودة مجانية للاستخدام"
    },
    {
        "id": 18,
        "title": "Figma - Design Tool",
        "category": "التصميم",
        "link": "https://www.figma.com/",
        "description": "أداة تصميم متقدمة للويب والتطبيقات"
    },
    {
        "id": 19,
        "title": "VS Code - Code Editor",
        "category": "الأدوات",
        "link": "https://code.visualstudio.com/",
        "description": "محرر أكواد قوي وسهل الاستخدام"
    },
    {
        "id": 20,
        "title": "DevTools - Browser Developer Tools",
        "category": "الأدوات",
        "link": "https://developer.chrome.com/docs/devtools/",
        "description": "أدوات المطور في المتصفح للتصحيح والاختبار"
    }
]
